{"param_0": -0.0005717134108503415, "param_1": -0.0665232296721295}