{"param_0": 1.0098602622187542, "param_1": 6.8463993245364065}