{"param_0": 0.06365584425575123, "param_1": 0.27064744863109413, "param_2": -2.6927392712084632}