{"param_0": -0.00011240201912409391, "param_1": -0.02211183380607187}