{"param_0": 0.9953568325856196, "param_1": -4.467155776657123}