{"param_0": -1439.5638741955333, "param_1": 235.0248602114991, "param_2": 246.80517253562815}