{"param_0": 2.614517478116512, "param_1": 1.4865358970641118, "param_2": 0.521552469952603}