{"param_0": 1.0803904149686718, "param_1": -15.834852137858327}